番号,緯度,経度,施設名,種別,確保水量（立方メートル）,所在地,詳細画像,情報更新日,備考
1,35.690219,139.74026,区立東郷元帥記念公園,震災対策用応急給水槽（1500立方メートル槽）,1500,東京都千代田区三番町18,https://www.waterworks.metro.tokyo.lg.jp/files/items/18931/Image/1.jpg,平成28年4月19日,［住所］三番町18
2,35.676068,139.756192,都立日比谷公園,震災対策用応急給水槽（1500立方メートル槽）,1500,東京都千代田区日比谷公園1,https://www.waterworks.metro.tokyo.lg.jp/files/items/18931/Image/2.jpg,平成27年7月9日,［住所］日比谷公園1
3,35.6945844,139.781041,都立一橋高等学校,小規模応急給水槽（100立方メートル槽）,100,東京都千代田区東神田1-12-13,https://www.waterworks.metro.tokyo.lg.jp/files/items/18931/Image/3.jpg,平成27年7月9日,［住所］東神田1-12-13
4,35.65832,139.78408,晴海給水所,浄水場・給水所,1300,東京都中央区晴海1-6-3,https://www.waterworks.metro.tokyo.lg.jp/files/items/18931/Image/4.jpg,平成28年4月19日,［住所］晴海1-6-3
5,35.665987,139.776889,区立あかつき公園,震災対策用応急給水槽（1500立方メートル槽）,1500,東京都中央区築地7-19-1,https://www.waterworks.metro.tokyo.lg.jp/files/items/18931/Image/5.jpg,平成27年7月9日,［住所］築地7-19-1
6,35.6871001,139.779214,区立堀留児童公園,小規模応急給水槽（100立方メートル槽）,100,東京都中央区日本橋堀留町1-1-16,https://www.waterworks.metro.tokyo.lg.jp/files/items/18931/Image/6.jpg,平成27年7月9日,［住所］日本橋堀留町1-1-16
7,35.6612205,139.745108,芝給水所,浄水場・給水所,26600,東京都港区芝公園3-6-7,https://www.waterworks.metro.tokyo.lg.jp/files/items/18931/Image/7.jpg,平成27年7月9日,［住所］芝公園3-6-7
8,35.66437,139.724887,都立青山公園,震災対策用応急給水槽（1500立方メートル槽）,1500,東京都港区六本木7-23,https://www.waterworks.metro.tokyo.lg.jp/files/items/18931/Image/8.jpg,平成27年7月9日,［住所］六本木7-23
9,35.634688,139.738064,シティハイツ桂坂 (港区防災活動拠点),小規模応急給水槽（100立方メートル槽）,100,東京都港区高輪2-13-8,https://www.waterworks.metro.tokyo.lg.jp/files/items/18931/Image/9.jpg,平成27年7月9日,［住所］高輪2-13-8
10,35.6881427,139.690673,淀橋給水所,浄水場・給水所,24000,東京都新宿区西新宿2-10-1,https://www.waterworks.metro.tokyo.lg.jp/files/items/18931/Image/10.jpg,平成27年7月9日,［住所］西新宿2-10-1
11,35.706243,139.724088,区立鶴巻南公園,震災対策用応急給水槽（1500立方メートル槽）,1500,東京都新宿区早稲田鶴巻町507,https://www.waterworks.metro.tokyo.lg.jp/files/items/18931/Image/11.jpg,平成27年7月9日,［住所］早稲田鶴巻町507
12,35.706365,139.695779,区立百人町ふれあい公園,震災対策用応急給水槽（1500立方メートル槽）,1500,東京都新宿区百人町3-28,https://www.waterworks.metro.tokyo.lg.jp/files/items/18931/Image/12.jpg,平成27年7月9日,［住所］百人町3-28
13,35.7038488,139.760411,本郷給水所,浄水場・給水所,20000,東京都文京区本郷2-7-29,https://www.waterworks.metro.tokyo.lg.jp/files/items/18931/Image/13.jpg,平成27年7月9日,［住所］本郷2-7-29
14,35.7208,139.73559,区立教育の森公園,震災対策用応急給水槽（1500立方メートル槽）,1500,東京都文京区大塚3-29,https://www.waterworks.metro.tokyo.lg.jp/files/items/18931/Image/14.jpg,平成27年7月9日,［住所］大塚3-29
15,35.717343,139.774526,都立上野恩賜公園,震災対策用応急給水槽（1500立方メートル槽）,1500,東京都台東区上野公園8-51,https://www.waterworks.metro.tokyo.lg.jp/files/items/18931/Image/15.jpg,平成27年7月9日,［住所］上野公園8-51
16,35.7169585,139.804179,区立隅田公園山谷堀広場,小規模応急給水槽（100立方メートル槽）,100,東京都台東区浅草7-1,https://www.waterworks.metro.tokyo.lg.jp/files/items/18931/Image/16.jpg,平成27年8月1日,［住所］浅草7-1
17,35.70891,139.82186,区立文花公園,震災対策用応急給水槽（1500立方メートル槽）,1500,東京都墨田区文花1-27-5,https://www.waterworks.metro.tokyo.lg.jp/files/items/18931/Image/17.jpg,平成27年7月9日,［住所］文花1-27-5
18,35.693666,139.795728,区立両国公園,小規模応急給水槽（100立方メートル槽）,100,東京都墨田区両国4-25-3,https://www.waterworks.metro.tokyo.lg.jp/files/items/18931/Image/18.jpg,平成27年7月9日,［住所］両国4-25-3
19,35.7001343,139.81999,亀戸給水所,浄水場・給水所,20000,東京都江東区亀戸2-6-50,https://www.waterworks.metro.tokyo.lg.jp/files/items/18931/Image/19.jpg,平成27年7月9日,［住所］亀戸2-6-50
20,35.67504,139.810955,豊住給水所,浄水場・給水所,13300,東京都江東区東陽6-1-8,https://www.waterworks.metro.tokyo.lg.jp/files/items/18931/Image/20.jpg,平成27年7月9日,［住所］東陽6-1-8
21,35.6654223,139.841327,江東給水所,浄水場・給水所,22000,東京都江東区新砂3-6-17,https://www.waterworks.metro.tokyo.lg.jp/files/items/18931/Image/21.jpg,平成30年4月1日,［住所］新砂3-6-17
22,35.6308274,139.78544,有明給水所,浄水場・給水所,6600,東京都江東区有明3-1-8,https://www.waterworks.metro.tokyo.lg.jp/files/items/18931/Image/22.jpg,平成27年7月9日,［住所］有明3-1-8
23,35.670954,139.832646,区立南砂三丁目公園,震災対策用応急給水槽（1500立方メートル槽）,1500,東京都江東区南砂3-14-21,https://www.waterworks.metro.tokyo.lg.jp/files/items/18931/Image/23.jpg,平成27年7月9日,［住所］南砂3-14-21
24,35.648004,139.812798,都立辰巳の森海浜公園,震災対策用応急給水槽（1500立方メートル槽）,1500,東京都江東区辰巳2-1,https://www.waterworks.metro.tokyo.lg.jp/files/items/18931/Image/24.jpg,平成27年7月9日,［住所］辰巳2-1
25,35.61059,139.72284,区立戸越公園,震災対策用応急給水槽（1500立方メートル槽）,1500,東京都品川区豊町2-1-30,https://www.waterworks.metro.tokyo.lg.jp/files/items/18931/Image/25.jpg,平成27年7月9日,［住所］豊町2-1-30
26,35.59629,139.75039,区立しおじ公園,震災対策用応急給水槽（1500立方メートル槽）,1500,東京都品川区八潮5-6,https://www.waterworks.metro.tokyo.lg.jp/files/items/18931/Image/26.jpg,平成29年8月31日,［住所］八潮5-6
27,35.611851,139.74661,都立八潮高等学校,小規模応急給水槽（100立方メートル槽）,100,東京都品川区東品川3-27-22,https://www.waterworks.metro.tokyo.lg.jp/files/items/18931/Image/27.jpg,平成27年7月9日,［住所］東品川3-27-22
28,35.620566,139.670911,八雲給水所,浄水場・給水所,16600,東京都目黒区八雲1-1,https://www.waterworks.metro.tokyo.lg.jp/files/items/18931/Image/28.jpg,平成27年7月9日,［住所］八雲1-1
29,35.625388,139.705384,都立林試の森公園,震災対策用応急給水槽（1500立方メートル槽）,1500,東京都目黒区下目黒5-37,https://www.waterworks.metro.tokyo.lg.jp/files/items/18931/Image/29.jpg,平成27年7月9日,［住所］下目黒5-37
30,35.5886364,139.70192,馬込給水所,浄水場・給水所,12080,東京都大田区西馬込2-15-6,https://www.waterworks.metro.tokyo.lg.jp/files/items/18931/Image/30.jpg,平成27年7月9日,［住所］西馬込2-15-6
31,35.6004761,139.699734,上池台給水所,浄水場・給水所,11000,東京都大田区上池台1-48-25,https://www.waterworks.metro.tokyo.lg.jp/files/items/18931/Image/31.jpg,平成27年7月9日,［住所］上池台1-48-25
32,35.5852378,139.75335,東海給水所,浄水場・給水所,13300,東京都大田区東海1-3-12,https://www.waterworks.metro.tokyo.lg.jp/files/items/18931/Image/32.jpg,平成27年7月9日,［住所］東海1-3-12
33,35.5463837,139.705564,区立西六郷三丁目公園,震災対策用応急給水槽（1500立方メートル槽）,1500,東京都大田区西六郷3-16-16,https://www.waterworks.metro.tokyo.lg.jp/files/items/18931/Image/33.jpg,平成27年7月9日,［住所］西六郷3-16-16
34,35.5507281,139.737397,区立萩中公園,震災対策用応急給水槽（1500立方メートル槽）,1500,東京都大田区萩中3-25-26,https://www.waterworks.metro.tokyo.lg.jp/files/items/18931/Image/34.jpg,平成27年7月9日,［住所］萩中3-25-26
35,35.57786,139.7384,区立都堀公園,震災対策用応急給水槽（1500立方メートル槽）,1500,東京都大田区大森東1-30,https://www.waterworks.metro.tokyo.lg.jp/files/items/18931/Image/35.jpg,平成27年7月9日,［住所］大森東1-30
36,35.569444,139.681378,区立下丸子公園,震災対策用応急給水槽（1500立方メートル槽）,1500,東京都大田区下丸子4-21,https://www.waterworks.metro.tokyo.lg.jp/files/items/18931/Image/36.jpg,平成27年7月9日,［住所］下丸子4-21
37,35.5727504,139.711054,区立女塚なかよし公園,小規模応急給水槽（100立方メートル槽）,100,東京都大田区池上5-24,https://www.waterworks.metro.tokyo.lg.jp/files/items/18931/Image/37.jpg,平成27年7月9日,［住所］池上5-24
38,35.623056,139.593948,砧浄水場,浄水場・給水所,8300,東京都世田谷区喜多見2-9-1,https://www.waterworks.metro.tokyo.lg.jp/files/items/18931/Image/38.jpg,平成27年7月9日,［住所］喜多見2-9-1
39,35.617936,139.610803,砧下浄水所,浄水場・給水所,700,東京都世田谷区鎌田2-4-1,https://www.waterworks.metro.tokyo.lg.jp/files/items/18931/Image/39.jpg,平成30年4月1日,［住所］鎌田2-4-1
40,35.670036,139.657061,和田堀給水所,浄水場・給水所,20300,東京都世田谷区大原2-30-43,https://www.waterworks.metro.tokyo.lg.jp/files/items/18931/Image/40.jpg,平成30年4月1日,［住所］大原2-30-43
41,35.599819,139.66272,玉川給水所,浄水場・給水所,20000,東京都世田谷区玉川田園調布1-19-1,https://www.waterworks.metro.tokyo.lg.jp/files/items/18931/Image/41.jpg,平成27年7月9日,［住所］玉川田園調布1-19-1
42,35.642887,139.616369,大蔵給水所,浄水場・給水所,13300,東京都世田谷区砧2-8-1,https://www.waterworks.metro.tokyo.lg.jp/files/items/18931/Image/42.jpg,平成27年7月9日,［住所］砧2-8-1
43,35.633124,139.650269,駒沢給水所,浄水場・給水所,3200,東京都世田谷区弦巻2-41-5,https://www.waterworks.metro.tokyo.lg.jp/files/items/18931/Image/43.jpg,平成27年7月9日,［住所］弦巻2-41-5
44,35.6427401,139.678642,区立こどものひろば公園,震災対策用応急給水槽（1500立方メートル槽）,1500,東京都世田谷区下馬2-31-4,https://www.waterworks.metro.tokyo.lg.jp/files/items/18931/Image/44.jpg,平成27年7月9日,［住所］下馬2-31-4
45,35.6580311,139.622471,区立葭根公園,震災対策用応急給水槽（1500立方メートル槽）,1500,東京都世田谷区船橋6-21,https://www.waterworks.metro.tokyo.lg.jp/files/items/18931/Image/45.jpg,平成27年7月9日,［住所］船橋6-21
46,35.6531,139.59928,都立祖師谷公園,震災対策用応急給水槽（1500立方メートル槽）,1500,東京都世田谷区上祖師谷4-2,https://www.waterworks.metro.tokyo.lg.jp/files/items/18931/Image/46.jpg,平成27年7月9日,［住所］上祖師谷4-2
47,35.6116002,139.641169,区立中町二丁目公園,小規模応急給水槽（100立方メートル槽）,100,東京都世田谷区中町2-34-1,https://www.waterworks.metro.tokyo.lg.jp/files/items/18931/Image/47.jpg,平成27年7月9日,［住所］中町2-34-1
48,35.668993,139.695398,都立代々木公園,震災対策用応急給水槽（1500立方メートル槽）,1500,東京都渋谷区代々木神園町2-1,https://www.waterworks.metro.tokyo.lg.jp/files/items/18931/Image/48.jpg,平成27年7月9日,［住所］代々木神園町2-1
49,35.650164,139.698585,都立第一商業高等学校,小規模応急給水槽（100立方メートル槽）,100,東京都渋谷区鉢山町8-1,https://www.waterworks.metro.tokyo.lg.jp/files/items/18931/Image/49.jpg,平成27年7月9日,［住所］鉢山町8-1
50,35.6437963,139.713581,区立景丘公園,小規模応急給水槽（100立方メートル槽）,100,東京都渋谷区恵比寿4-19-21,https://www.waterworks.metro.tokyo.lg.jp/files/items/18931/Image/50.jpg,平成27年7月9日,［住所］恵比寿4-19-21
51,35.6863389,139.6669699,区立弥生公園,小規模応急給水槽（100立方メートル槽）,100,東京都中野区弥生町5-4,https://www.waterworks.metro.tokyo.lg.jp/files/items/18931/Image/51.jpg,平成27年7月9日,［住所］弥生町5-4
52,35.73,139.66623,区立江古田の森公園,小規模応急給水槽（100立方メートル槽）,100,東京都中野区江古田3-14,https://www.waterworks.metro.tokyo.lg.jp/files/items/18931/Image/52.jpg,平成27年7月9日,［住所］江古田3-14
53,35.724759,139.674948,区立みずのとう公園,小規模応急給水槽（100立方メートル槽）,100,東京都中野区江古田1-3,https://www.waterworks.metro.tokyo.lg.jp/files/items/18931/Image/53.jpg,平成27年7月9日,［住所］江古田1-3
54,35.715126,139.588683,杉並浄水所,浄水場・給水所,0,東京都杉並区善福寺3-28-5,https://www.waterworks.metro.tokyo.lg.jp/files/items/18931/Image/54.jpg,平成29年4月1日,杉並浄水所は、平成28年12月28日から当面の間、施設の停止により応急給水ができない状況になります。その間は、近隣の給水拠点で応急給水を実施しますので、ご不便をお掛けしますがご理解とご協力をお願いします。［住所］善福寺3-28-5
55,35.671071,139.652962,和泉水圧調整所,浄水場・給水所,16600,東京都杉並区和泉2-5-23,https://www.waterworks.metro.tokyo.lg.jp/files/items/18931/Image/55.jpg,平成27年7月9日,［住所］和泉2-5-23
56,35.7216352,139.601235,上井草給水所,浄水場・給水所,60000,東京都杉並区上井草3-22-12,https://www.waterworks.metro.tokyo.lg.jp/files/items/18931/Image/56.jpg,平成27年7月9日,［住所］上井草3-22-12
57,35.6849095,139.6415107,都立和田堀公園,震災対策用応急給水槽（1500立方メートル槽）,1500,東京都杉並区大宮2-26,https://www.waterworks.metro.tokyo.lg.jp/files/items/18931/Image/57.jpg,平成27年7月9日,［住所］大宮2-26
58,35.69637,139.65699,区立蚕糸の森公園,震災対策用応急給水槽（1500立方メートル槽）,1500,東京都杉並区和田3-55,https://www.waterworks.metro.tokyo.lg.jp/files/items/18931/Image/58.jpg,平成27年7月9日,［住所］和田3-55
59,35.680084,139.6083509,区立昭栄公園,震災対策用応急給水槽（1500立方メートル槽）,1500,東京都杉並区高井戸西1-12,https://www.waterworks.metro.tokyo.lg.jp/files/items/18931/Image/59.jpg,平成27年7月9日,［住所］高井戸西1-12
60,35.7269509,139.6117369,区立井草森公園,震災対策用応急給水槽（1500立方メートル槽）,1500,東京都杉並区井草4-12-1,https://www.waterworks.metro.tokyo.lg.jp/files/items/18931/Image/60.jpg,平成27年7月9日,［住所］井草4-12-1
61,35.709583,139.643056,区立馬橋公園,小規模応急給水槽（100立方メートル槽）,100,東京都杉並区高円寺北4-35-5,https://www.waterworks.metro.tokyo.lg.jp/files/items/18931/Image/61.jpg,平成27年7月9日,［住所］高円寺北4-35-5
62,35.692188,139.628662,都立善福寺川緑地,小規模応急給水槽（100立方メートル槽）,100,東京都杉並区成田西3-14,https://www.waterworks.metro.tokyo.lg.jp/files/items/18931/Image/62.jpg,平成30年4月1日,［住所］成田西3-14
63,35.7291806,139.7064044,区立西池袋公園,震災対策用応急給水槽（1500立方メートル槽）,1500,東京都豊島区西池袋3-20-1,https://www.waterworks.metro.tokyo.lg.jp/files/items/18931/Image/63.jpg,平成27年7月9日,［住所］西池袋3-20-1
64,35.7358562,139.728987,都立文京高等学校,小規模応急給水槽（100立方メートル槽）,100,東京都豊島区西巣鴨1-1-5,https://www.waterworks.metro.tokyo.lg.jp/files/items/18931/Image/64.jpg,平成27年7月9日,［住所］西巣鴨1-1-5
65,35.7771033,139.7067568,区立桐ケ丘中央公園,震災対策用応急給水槽（1500立方メートル槽）,1500,東京都北区桐ケ丘1-8,https://www.waterworks.metro.tokyo.lg.jp/files/items/18931/Image/65.jpg,平成27年7月9日,［住所］桐ケ丘1-8
66,35.7447843,139.7441294,区立滝野川公園,震災対策用応急給水槽（1500立方メートル槽）,1500,東京都北区西ケ原2-1,https://www.waterworks.metro.tokyo.lg.jp/files/items/18931/Image/66.jpg,平成29年8月31日,［住所］西ケ原2-1
67,35.7738574,139.7279613,区立北運動公園,震災対策用応急給水槽（1500立方メートル槽）,1500,東京都北区神谷2-47-6,https://www.waterworks.metro.tokyo.lg.jp/files/items/18931/Image/67.jpg,平成27年7月9日,［住所］神谷2-47-6
68,35.735711,139.807672,南千住給水所,浄水場・給水所,33300,東京都荒川区南千住8-2-6,https://www.waterworks.metro.tokyo.lg.jp/files/items/18931/Image/68.jpg,平成27年7月9日,［住所］南千住8-2-6
69,35.7270315,139.7773452,区立日暮里南公園,震災対策用応急給水槽（1500立方メートル槽）,1500,東京都荒川区東日暮里5-19-1,https://www.waterworks.metro.tokyo.lg.jp/files/items/18931/Image/69.jpg,平成27年7月9日,［住所］東日暮里5-19-1
70,35.7948321,139.641979,三園浄水場,浄水場・給水所,15600,東京都板橋区三園2-10-1,https://www.waterworks.metro.tokyo.lg.jp/files/items/18931/Image/70.jpg,平成27年7月9日,［住所］三園2-10-1
71,35.755489,139.718612,板橋給水所,浄水場・給水所,26600,東京都板橋区加賀1-17-1,https://www.waterworks.metro.tokyo.lg.jp/files/items/18931/Image/71.jpg,平成27年7月9日,［住所］加賀1-17-1
72,35.745615,139.690848,大谷口給水所,浄水場・給水所,11600,東京都板橋区大谷口1-4,https://www.waterworks.metro.tokyo.lg.jp/files/items/18931/Image/72.jpg,平成27年7月9日,［住所］大谷口1-4
73,35.7536508,139.6776669,都立城北中央公園,震災対策用応急給水槽（1500立方メートル槽）,1500,東京都板橋区桜川1-1,https://www.waterworks.metro.tokyo.lg.jp/files/items/18931/Image/73.jpg,平成27年7月9日,［住所］桜川1-1
74,35.7825806,139.6814502,区立城北公園,震災対策用応急給水槽（1500立方メートル槽）,1500,東京都板橋区坂下2-19-1,https://www.waterworks.metro.tokyo.lg.jp/files/items/18931/Image/74.jpg,平成29年8月31日,［住所］坂下2-19-1
75,35.7439,139.689637,都立板橋高等学校,小規模応急給水槽（100立方メートル槽）,100,東京都板橋区大谷ロ1-54-1,https://www.waterworks.metro.tokyo.lg.jp/files/items/18931/Image/75.jpg,平成27年7月9日,［住所］大谷ロ1-54-1
76,35.785528,139.65724,都立赤塚公園,小規模応急給水槽（100立方メートル槽）,100,東京都板橋区高島平3-1,https://www.waterworks.metro.tokyo.lg.jp/files/items/18931/Image/76.jpg,平成27年7月9日,［住所］高島平3-1
77,35.7766684,139.6673924,区立西徳第二公園,小規模応急給水槽（100立方メートル槽）,100,東京都板橋区西台3-42-1,https://www.waterworks.metro.tokyo.lg.jp/files/items/18931/Image/77.jpg,平成27年7月9日,［住所］西台3-42-1
78,35.7633861,139.631914,練馬給水所,浄水場・給水所,66600,東京都練馬区光が丘2-4-1,https://www.waterworks.metro.tokyo.lg.jp/files/items/18931/Image/78.jpg,平成27年7月9日,［住所］光が丘2-4-1
79,35.7720555,139.582711,区立大泉公園,震災対策用応急給水槽（1500立方メートル槽）,1500,東京都練馬区大泉学園町6-25,https://www.waterworks.metro.tokyo.lg.jp/files/items/18931/Image/79.jpg,平成28年4月19日,［住所］大泉学園町6-25
80,35.7305605,139.6491262,区立学田公園,震災対策用応急給水槽（1500立方メートル槽）,1500,東京都練馬区豊玉南3-32,https://www.waterworks.metro.tokyo.lg.jp/files/items/18931/Image/80.jpg,平成27年7月9日,［住所］豊玉南3-32
81,35.753025,139.656532,区立はやいち公園,小規模応急給水槽（100立方メートル槽）,100,東京都練馬区早宮1-47-11,https://www.waterworks.metro.tokyo.lg.jp/files/items/18931/Image/81.jpg,平成27年7月9日,［住所］早宮1-47-11
82,35.7479365,139.5986648,区立みんなの広場公園,小規模応急給水槽（100立方メートル槽）,100,東京都練馬区石神井町8-41,https://www.waterworks.metro.tokyo.lg.jp/files/items/18931/Image/82.jpg,平成27年7月9日,［住所］石神井町8-41
83,35.7721511,139.807309,小右衛門給水所,浄水場・給水所,16600,東京都足立区中央本町3-8-1,https://www.waterworks.metro.tokyo.lg.jp/files/items/18931/Image/83.jpg,平成27年7月9日,［住所］中央本町3-8-1
84,35.791311,139.8140941,区総合スポーツセンター,震災対策用応急給水槽（1500立方メートル槽）,1500,東京都足立区東保木間2-27-1,https://www.waterworks.metro.tokyo.lg.jp/files/items/18931/Image/84.jpg,平成27年7月9日,［住所］東保木間2-27-1
85,35.7440262,139.7951426,区立千住スポーツ公園,震災対策用応急給水槽（1500立方メートル槽）,1500,東京都足立区千住緑町2-1-1,https://www.waterworks.metro.tokyo.lg.jp/files/items/18931/Image/85.jpg,平成27年7月9日,［住所］千住緑町2-1-1
86,35.7899898,139.779992,区立諏訪木東公園,震災対策用応急給水槽（1500立方メートル槽）,1500,東京都足立区西新井3-25,https://www.waterworks.metro.tokyo.lg.jp/files/items/18931/Image/86.jpg,平成27年7月9日,［住所］西新井3-25
87,35.7721532,139.8493937,区立大谷田南公園,震災対策用応急給水槽（1500立方メートル槽）,1500,東京都足立区中川4-42-1,https://www.waterworks.metro.tokyo.lg.jp/files/items/18931/Image/87.jpg,平成27年7月9日,［住所］中川4-42-1
88,35.7821245,139.7536455,区立北鹿浜公園,震災対策用応急給水槽（1500立方メートル槽）,1500,東京都足立区鹿浜3-26,https://www.waterworks.metro.tokyo.lg.jp/files/items/18931/Image/88.jpg,平成27年7月9日,［住所］鹿浜3-26
89,35.7967372,139.7681512,都立舎人公園,小規模応急給水槽（100立方メートル槽）,100,東京都足立区舎人公園1-1,https://www.waterworks.metro.tokyo.lg.jp/files/items/18931/Image/89.jpg,平成27年7月9日,［住所］舎人公園1-1
90,35.7669098,139.7702,区立北宮城町公園,小規模応急給水槽（100立方メートル槽）,100,東京都足立区扇2-37-1,https://www.waterworks.metro.tokyo.lg.jp/files/items/18931/Image/90.jpg,平成27年10月1日,［住所］扇2-37-1
91,35.77803,139.76945,江北給水所,浄水場・給水所,16600,東京都足立区江北5-5,https://www.waterworks.metro.tokyo.lg.jp/files/items/18931/Image/91.jpg,令和4年8月12日,［住所］江北5-5
92,35.7625165,139.878351,金町浄水場,浄水場・給水所,48700,東京都葛飾区金町浄水場1-1,https://www.waterworks.metro.tokyo.lg.jp/files/items/18931/Image/92.jpg,平成27年7月9日,［住所］金町浄水場1-1
93,35.7933213,139.862382,水元給水所（都立水元公園内自由広場）,浄水場・給水所,33300,東京都葛飾区水元公園4,https://www.waterworks.metro.tokyo.lg.jp/files/items/18931/Image/93.jpg,平成27年7月9日,［住所］水元公園4
94,35.7549733,139.839038,区立上干葉公園,震災対策用応急給水槽（1500立方メートル槽）,1500,東京都葛飾区東堀切3-25-1,https://www.waterworks.metro.tokyo.lg.jp/files/items/18931/Image/94.jpg,平成27年7月9日,［住所］東堀切3-25-1
95,35.7158814,139.8550625,区立新小岩公園,震災対策用応急給水槽（1500立方メートル槽）,1500,東京都葛飾区西新小岩1-1-3,https://www.waterworks.metro.tokyo.lg.jp/files/items/18931/Image/95.jpg,平成28年4月19日,［住所］西新小岩1-1-3
96,35.7307623,139.843497,区立渋江東公園,小規模応急給水槽（100立方メートル槽）,100,東京都葛飾区東四つ木2-15,https://www.waterworks.metro.tokyo.lg.jp/files/items/18931/Image/96.jpg,平成27年7月9日,［住所］東四つ木2-15
97,35.691352,139.898084,西瑞江給水所,浄水場・給水所,6600,東京都江戸川区東瑞江1-26-2,https://www.waterworks.metro.tokyo.lg.jp/files/items/18931/Image/97.jpg,平成28年5月26日,［住所］東瑞江1-26-2
98,35.67497,139.86078,葛西給水所,浄水場・給水所,13300,東京都江戸川区北葛西3-9,https://www.waterworks.metro.tokyo.lg.jp/files/items/18931/Image/98.jpg,平成27年7月9日,［住所］北葛西3-9
99,35.7143763,139.8967471,都立篠崎公園,震災対策用応急給水槽（1500立方メートル槽）,1500,東京都江戸川区上篠崎1-25,https://www.waterworks.metro.tokyo.lg.jp/files/items/18931/Image/99.jpg,平成27年7月9日,［住所］上篠崎1-25
100,35.6703527,139.8637841,区立宇喜田中央公園,震災対策用応急給水槽（1500立方メートル槽）,1500,東京都江戸川区北葛西4-15,https://www.waterworks.metro.tokyo.lg.jp/files/items/18931/Image/100.jpg,平成27年7月9日,［住所］北葛西4-15
101,35.7462886,139.8867233,区立小岩公園,震災対策用応急給水槽（1500立方メートル槽）,1500,東京都江戸川区北小岩6-43,https://www.waterworks.metro.tokyo.lg.jp/files/items/18931/Image/101.jpg,平成27年7月9日,［住所］北小岩6-43
102,35.693831,139.852674,都立大島小松川公園,震災対策用応急給水槽（1500立方メートル槽）,1500,東京都江戸川区小松川1-7,https://www.waterworks.metro.tokyo.lg.jp/files/items/18931/Image/102.jpg,平成27年7月9日,［住所］小松川1-7
103,35.653675,139.870792,都立葛西南高等学校,小規模応急給水槽（100立方メートル槽）,100,東京都江戸川区南葛西1-11-1,https://www.waterworks.metro.tokyo.lg.jp/files/items/18931/Image/103.jpg,平成27年7月9日,［住所］南葛西1-11-1
104,35.6968671,139.8819413,一之江抹香亭,小規模応急給水槽（100立方メートル槽）,100,東京都江戸川区一之江5-14,https://www.waterworks.metro.tokyo.lg.jp/files/items/18931/Image/104.jpg,令和4年5月10日,［住所］一之江5-14
213,35.733876,139.815874,白髭東地区防災拠点,,2700,東京都墨田区堤通2,https://www.waterworks.metro.tokyo.lg.jp/files/items/18931/Image/213.jpg,平成27年7月9日,［住所］堤通2
105,35.6241461,139.349782,鑓水給水所,浄水場・給水所,1660,東京都八王子市鑓水401,https://www.waterworks.metro.tokyo.lg.jp/files/items/18931/Image/105.jpg,平成27年7月9日,［住所］鑓水401
106,35.68939,139.26638,西寺方給水所,浄水場・給水所,1660,東京都八王子市西寺方町1006-167,https://www.waterworks.metro.tokyo.lg.jp/files/items/18931/Image/106.jpg,平成27年7月9日,［住所］西寺方町1006-167
107,35.6302942,139.278766,狭間給水所,浄水場・給水所,5000,東京都八王子市狭間町1994-478,https://www.waterworks.metro.tokyo.lg.jp/files/items/18931/Image/107.jpg,平成27年7月9日,［住所］狭間町1994-478
108,35.6993634,139.302661,犬目第二給水所,浄水場・給水所,1760,東京都八王子市犬目町710,https://www.waterworks.metro.tokyo.lg.jp/files/items/18931/Image/108.jpg,平成27年7月9日,［住所］犬目町710
109,35.7061,139.32019,高月給水所,浄水場・給水所,5000,東京都八王子市高月町2240,https://www.waterworks.metro.tokyo.lg.jp/files/items/18931/Image/109.jpg,平成27年7月9日,［住所］高月町2240
110,35.651316,139.315081,散田給水所,浄水場・給水所,6660,東京都八王子市散田町2-6-1,https://www.waterworks.metro.tokyo.lg.jp/files/items/18931/Image/110.jpg,平成27年7月9日,［住所］散田町2-6-1
111,35.6405654,139.299999,東浅川給水所,浄水場・給水所,4330,東京都八王子市東浅川町674,https://www.waterworks.metro.tokyo.lg.jp/files/items/18931/Image/111.jpg,平成27年7月9日,［住所］東浅川町674
112,35.616192,139.296856,寺田配水所,浄水場・給水所,330,東京都八王子市寺田町1359-4,https://www.waterworks.metro.tokyo.lg.jp/files/items/18931/Image/112.jpg,平成27年7月9日,［住所］寺田町1359-4
113,35.64726,139.26656,元八王子配水所,浄水場・給水所,150,東京都八王子市元八王子町3-2750-487,https://www.waterworks.metro.tokyo.lg.jp/files/items/18931/Image/113.jpg,平成27年7月9日,［住所］元八王子町3-2750-487
114,35.6538594,139.354989,北野給水所,浄水場・給水所,5280,東京都八王子市北野町595-3,https://www.waterworks.metro.tokyo.lg.jp/files/items/18931/Image/114.jpg,平成27年7月9日,［住所］北野町595-3
115,35.6364467,139.374855,南陽台配水所,浄水場・給水所,330,東京都八王子市南陽台3-5-1,https://www.waterworks.metro.tokyo.lg.jp/files/items/18931/Image/115.jpg,平成27年7月9日,［住所］南陽台3-5-1
116,35.6772291,139.307184,楢原給水所,浄水場・給水所,13330,東京都八王子市楢原町1294-3,https://www.waterworks.metro.tokyo.lg.jp/files/items/18931/Image/116.jpg,平成27年7月9日,［住所］楢原町1294-3
117,35.6746641,139.336637,暁町配水所,浄水場・給水所,830,東京都八王子市暁町3-3-1,https://www.waterworks.metro.tokyo.lg.jp/files/items/18931/Image/117.jpg,平成27年7月9日,［住所］暁町3-3-1
118,35.6864664,139.352866,久保山配水所,浄水場・給水所,730,東京都八王子市久保山町2-15-1,https://www.waterworks.metro.tokyo.lg.jp/files/items/18931/Image/118.jpg,平成27年7月9日,［住所］久保山町2-15-1
119,35.616612,139.317224,大船給水所,浄水場・給水所,7330,東京都八王子市七国3-56-1,https://www.waterworks.metro.tokyo.lg.jp/files/items/18931/Image/119.jpg,平成27年7月9日,［住所］七国3-56-1
120,35.606811,139.361154,鑓水小山給水所,浄水場・給水所,23330,東京都八王子市鑓水2-92,https://www.waterworks.metro.tokyo.lg.jp/files/items/18931/Image/120.jpg,平成27年7月9日,［住所］鑓水2-92
121,35.603229,139.37947,南大沢給水所,浄水場・給水所,4950,東京都八王子市南大沢4-25,https://www.waterworks.metro.tokyo.lg.jp/files/items/18931/Image/121.jpg,平成29年4月1日,［住所］南大沢4-25
122,35.6490541,139.2897306,都立陵南公園,震災対策用応急給水槽（1500立方メートル槽）,1500,東京都八王子市長房町1572,https://www.waterworks.metro.tokyo.lg.jp/files/items/18931/Image/122.jpg,平成27年7月9日,［住所］長房町1572
123,35.635202,139.310873,椚田ポンプ所,浄水場・給水所,440,東京都八王子市椚田町545,https://www.waterworks.metro.tokyo.lg.jp/files/items/18931/Image/123.jpg,平成28年4月19日,［住所］椚田町545
124,35.6968355,139.405944,柴崎給水所,浄水場・給水所,1500,東京都立川市柴崎町1-1-41,https://www.waterworks.metro.tokyo.lg.jp/files/items/18931/Image/124.jpg,平成27年7月9日,［住所］柴崎町1-1-41
125,35.7180059,139.424525,立川栄町浄水所,浄水場・給水所,330,東京都立川市栄町5-38-5,https://www.waterworks.metro.tokyo.lg.jp/files/items/18931/Image/125.jpg,平成27年7月9日,［住所］栄町5-38-5
126,35.7299825,139.407448,立川砂川給水所,浄水場・給水所,5100,東京都立川市砂川町6-41-1,https://www.waterworks.metro.tokyo.lg.jp/files/items/18931/Image/126.jpg,平成27年7月9日,［住所］砂川町6-41-1
127,35.72661,139.371352,市立松中公園,小規模応急給水槽（100立方メートル槽）,100,東京都立川市西砂町1-19-12,https://www.waterworks.metro.tokyo.lg.jp/files/items/18931/Image/127.jpg,平成28年4月19日,［住所］西砂町1-19-12
128,35.6868321,139.55076,上連雀給水所（西配水場）,浄水場・給水所,5430,東京都三鷹市上連雀9-41-4,https://www.waterworks.metro.tokyo.lg.jp/files/items/18931/Image/128.jpg,平成27年7月9日,［住所］上連雀9-41-4
129,35.6796028,139.577258,三鷹新川給水所（東配水場）,浄水場・給水所,3330,東京都三鷹市新川2-1-15,https://www.waterworks.metro.tokyo.lg.jp/files/items/18931/Image/129.jpg,平成27年7月9日,［住所］新川2-1-15
130,35.7843741,139.234717,日向和田浄水所,浄水場・給水所,880,東京都青梅市日向和田2-370,https://www.waterworks.metro.tokyo.lg.jp/files/items/18931/Image/130.jpg,平成27年7月9日,［住所］日向和田2-370
131,35.7846878,139.277824,千ヶ瀬第二浄水所,浄水場・給水所,200,東京都青梅市千ヶ瀬町1-69-1,https://www.waterworks.metro.tokyo.lg.jp/files/items/18931/Image/131.jpg,平成27年7月9日,［住所］千ケ瀬町1-69-1
132,35.78347,139.15112,御岳山第一配水所,浄水場・給水所,70,東京都青梅市御岳山170-3,https://www.waterworks.metro.tokyo.lg.jp/files/items/18931/Image/132.jpg,平成27年7月9日,［住所］御岳山170-3
133,35.8187204,139.241891,成木配水所,浄水場・給水所,30,東京都青梅市成木8-690-3,https://www.waterworks.metro.tokyo.lg.jp/files/items/18931/Image/133.jpg,平成27年7月9日,［住所］成木8-690-3
134,35.7884612,139.308874,新町給水所,浄水場・給水所,2330,東京都青梅市新町5-24-1,https://www.waterworks.metro.tokyo.lg.jp/files/items/18931/Image/134.jpg,平成27年7月9日,［住所］新町5-24-1
135,35.8152563,139.2066375,二俣尾配水所,浄水場・給水所,70,東京都青梅市二俣尾5-107-2,https://www.waterworks.metro.tokyo.lg.jp/files/items/18931/Image/135.jpg,平成27年7月9日,［住所］二俣尾5-107-2
136,35.796712,139.272305,城山配水所,浄水場・給水所,1440,東京都青梅市東青梅6-95-1,https://www.waterworks.metro.tokyo.lg.jp/files/items/18931/Image/136.jpg,平成27年7月9日,［住所］東青梅6-95-1
137,35.782215,139.226243,梅郷配水所,浄水場・給水所,1330,東京都青梅市和田町2-578-1,https://www.waterworks.metro.tokyo.lg.jp/files/items/18931/Image/137.jpg,平成29年4月1日,［住所］和田町2-578-1
138,35.688081,139.460998,府中武蔵台浄水所及び府中武蔵台ポンプ所,浄水場・給水所,3730,東京都府中市武蔵台2-7及び武蔵台1-25,https://www.waterworks.metro.tokyo.lg.jp/files/items/18931/Image/138.jpg,平成28年5月26日,［住所］武蔵台2-7及び武蔵台1-25
139,35.6760322,139.499748,若松給水所,浄水場・給水所,1760,東京都府中市若松町4-10,https://www.waterworks.metro.tokyo.lg.jp/files/items/18931/Image/139.jpg,平成27年7月9日,［住所］若松町4-10
140,35.679613,139.483705,幸町給水所,浄水場・給水所,1140,東京都府中市幸町2-24,https://www.waterworks.metro.tokyo.lg.jp/files/items/18931/Image/140.jpg,平成30年4月1日,［住所］幸町2-24
141,35.6585721,139.470907,府中南町給水所,浄水場・給水所,1660,東京都府中市南町1-50,https://www.waterworks.metro.tokyo.lg.jp/files/items/18931/Image/141.jpg,平成27年7月9日,［住所］南町1-50
142,35.6879393,139.5176078,都立武蔵野公園,震災対策用応急給水槽（1500立方メートル槽）,1500,東京都府中市多磨町3-2,https://www.waterworks.metro.tokyo.lg.jp/files/items/18931/Image/142.jpg,平成27年7月9日,［住所］多磨町3-2
143,35.661306,139.531746,上石原配水所,浄水場・給水所,1120,東京都調布市上石原1-34-7,https://www.waterworks.metro.tokyo.lg.jp/files/items/18931/Image/143.jpg,平成28年5月26日,［住所］上石原1-34-7
144,35.665028,139.585263,仙川配水所,浄水場・給水所,320,東京都調布市仙川町3-6-27,https://www.waterworks.metro.tokyo.lg.jp/files/items/18931/Image/144.jpg,平成28年5月26日,［住所］仙川町3-6-27
145,35.6693259,139.555504,深大寺給水所,浄水場・給水所,9900,東京都調布市深大寺南町5-56-1,https://www.waterworks.metro.tokyo.lg.jp/files/items/18931/Image/145.jpg,平成30年3月5日,［住所］深大寺南町5-56-1
146,35.66183,139.531668,調布西町給水所,浄水場・給水所,6660,東京都調布市西町717,https://www.waterworks.metro.tokyo.lg.jp/files/items/18931/Image/146.jpg,平成28年5月26日,［住所］西町717
147,35.6055194,139.449716,小野路給水所,浄水場・給水所,6330,東京都町田市小野路町2637-1,https://www.waterworks.metro.tokyo.lg.jp/files/items/18931/Image/147.jpg,平成27年7月9日,［住所］小野路町2637-1
148,35.54707,139.450439,原町田浄水所,浄水場・給水所,520,東京都町田市原町田5-13-3,https://www.waterworks.metro.tokyo.lg.jp/files/items/18931/Image/148.jpg,平成30年2月1日,［住所］原町田5-13-3
149,35.556835,139.434658,滝の沢給水所,浄水場・給水所,1880,東京都町田市旭町2-7-7,https://www.waterworks.metro.tokyo.lg.jp/files/items/18931/Image/149.jpg,平成27年7月9日,［住所］旭町2-7-7
150,35.5768701,139.448481,野津田浄水所,浄水場・給水所,1000,東京都町田市野津田町3398,https://www.waterworks.metro.tokyo.lg.jp/files/items/18931/Image/150.jpg,平成29年4月1日,［住所］野津田町3398
151,35.5202538,139.4822224,市立つくし野セントラルパーク,震災対策用応急給水槽（1500立方メートル槽）,1500,東京都町田市つくし野3-19,https://www.waterworks.metro.tokyo.lg.jp/files/items/18931/Image/151.jpg,平成27年7月9日,［住所］つくし野3-19
152,35.5909809,139.47186,市立鶴川中央公園,小規模応急給水槽（100立方メートル槽）,100,東京都町田市鶴川6-6,https://www.waterworks.metro.tokyo.lg.jp/files/items/18931/Image/152.jpg,平成27年7月9日,［住所］鶴川6-6
153,35.543542,139.472704,成瀬コミュニティセンター,小規模応急給水槽（100立方メートル槽）,100,東京都町田市西成瀬2-49-1,https://www.waterworks.metro.tokyo.lg.jp/files/items/18931/Image/153.jpg,平成28年5月26日,［住所］成瀬2-49-1
154,35.5734102,139.4235662,市立忠生公園,小規模応急給水槽（100立方メートル槽）,100,東京都町田市忠生1-3,https://www.waterworks.metro.tokyo.lg.jp/files/items/18931/Image/154.jpg,平成27年7月9日,［住所］忠生1-3
155,35.5739501,139.4888159,市立三輪中央公園,小規模応急給水槽（100立方メートル槽）,100,東京都町田市三輪緑山3-21,https://www.waterworks.metro.tokyo.lg.jp/files/items/18931/Image/155.jpg,平成27年7月9日,［住所］三輪緑山3-21
156,35.7046375,139.526531,梶野配水所,浄水場・給水所,1300,東京都小金井市梶野町5-10-33,https://www.waterworks.metro.tokyo.lg.jp/files/items/18931/Image/156.jpg,平成27年7月9日,［住所］梶野町5-10-33
157,35.711611,139.491713,上水南給水所,浄水場・給水所,11660,東京都小平市上水南町3-12-36,https://www.waterworks.metro.tokyo.lg.jp/files/items/18931/Image/157.jpg,平成27年7月9日,［住所］小平市上水南町3-12-36
158,35.7256378,139.453172,小川給水所,浄水場・給水所,6580,東京都小平市小川町1-847,https://www.waterworks.metro.tokyo.lg.jp/files/items/18931/Image/158.jpg,平成27年7月9日,［住所］小川町1-847
159,35.722887,139.470526,市立津田公園,小規模応急給水槽（100立方メートル槽）,100,東京都小平市津田町3-39,https://www.waterworks.metro.tokyo.lg.jp/files/items/18931/Image/159.jpg,令和5年10月1日,［住所］津田町3-39
160,35.6764482,139.3902429,市立大坂西公園,小規模応急給水槽（100立方メートル槽）,100,東京都日野市大坂上1-14-4,https://www.waterworks.metro.tokyo.lg.jp/files/items/18931/Image/160.jpg,令和5年8月1日,［住所］大坂上1-14-4
161,35.6650353,139.382619,多摩平給水所,浄水場・給水所,3660,東京都日野市多摩平2-7-2,https://www.waterworks.metro.tokyo.lg.jp/files/items/18931/Image/161.jpg,平成27年7月9日,［住所］多摩平2-7-2
162,35.64064,139.395207,程久保給水所,浄水場・給水所,6700,東京都日野市程久保5-10-1,https://www.waterworks.metro.tokyo.lg.jp/files/items/18931/Image/162.jpg,平成29年4月1日,［住所］程久保5-10-1
163,35.652935,139.420362,三沢配水所,浄水場・給水所,1490,東京都日野市三沢905-2,https://www.waterworks.metro.tokyo.lg.jp/files/items/18931/Image/163.jpg,平成27年7月9日,［住所］三沢905-2
164,35.662666,139.368353,日野旭が丘給水所,浄水場・給水所,1660,東京都日野市旭が丘2-42-2,https://www.waterworks.metro.tokyo.lg.jp/files/items/18931/Image/164.jpg,平成27年7月9日,［住所］旭が丘2-42-2
165,35.747356,139.458482,八坂給水所,浄水場・給水所,20000,東京都東村山市富士見町5-4-46,https://www.waterworks.metro.tokyo.lg.jp/files/items/18931/Image/165.jpg,平成27年7月9日,［住所］富士見町5-4-46
166,35.7532331,139.458674,東村山浄水場,浄水場・給水所,36000,東京都東村山市美住町2-20-236,https://www.waterworks.metro.tokyo.lg.jp/files/items/18931/Image/166.jpg,平成27年7月9日,［住所］美住町2-20-236
167,35.7555303,139.461554,美住給水所,浄水場・給水所,2020,東京都東村山市美住町2-13-4,https://www.waterworks.metro.tokyo.lg.jp/files/items/18931/Image/167.jpg,平成30年4月1日,［住所］美住町2-13-4
168,35.7556996,139.4901976,市立東村山運動公園,震災対策用応急給水槽（1500立方メートル槽）,1500,東京都東村山市恩多町1-9-5,https://www.waterworks.metro.tokyo.lg.jp/files/items/18931/Image/168.jpg,平成27年7月9日,［住所］恩多町1-9-5
169,35.773108,139.482144,市立秋津小学校,小規模応急給水槽（100立方メートル槽）,100,東京都東村山市秋津町3-48-1,https://www.waterworks.metro.tokyo.lg.jp/files/items/18931/Image/169.jpg,平成28年4月19日,［住所］東村山市秋津町3-48-1
170,35.7065051,139.476399,東恋ヶ窪配水所,浄水場・給水所,1220,東京都国分寺市東恋ヶ窪2-5-8,https://www.waterworks.metro.tokyo.lg.jp/files/items/18931/Image/170.jpg,平成27年7月9日,［住所］東恋ヶ窪2-5-8
171,35.721054,139.45038,国分寺北町給水所,浄水場・給水所,5800,東京都国分寺市北町4-1-5,https://www.waterworks.metro.tokyo.lg.jp/files/items/18931/Image/171.jpg,平成27年7月9日,［住所］北町4-1-5
172,35.688163,139.442608,国立中給水所,浄水場・給水所,2000,東京都国立市中3-8-1,https://www.waterworks.metro.tokyo.lg.jp/files/items/18931/Image/172.jpg,平成27年7月9日,［住所］中3-8-1
173,35.6779939,139.440914,谷保給水所,浄水場・給水所,2000,東京都国立市谷保1462-1,https://www.waterworks.metro.tokyo.lg.jp/files/items/18931/Image/173.jpg,平成27年7月9日,［住所］谷保1462-1
174,35.7337671,139.524477,芝久保給水所,浄水場・給水所,6030,東京都西東京市芝久保町5-9-1,https://www.waterworks.metro.tokyo.lg.jp/files/items/18931/Image/174.jpg,平成27年7月9日,［住所］芝久保町5-9-1
175,35.7354513,139.554782,保谷町給水所,浄水場・給水所,2910,東京都西東京市保谷町1-5-24,https://www.waterworks.metro.tokyo.lg.jp/files/items/18931/Image/175.jpg,平成27年7月9日,［住所］保谷町1-5-24
176,35.7516771,139.552224,西東京栄町配水所,浄水場・給水所,1000,東京都西東京市栄町2-7-6,https://www.waterworks.metro.tokyo.lg.jp/files/items/18931/Image/176.jpg,平成27年7月9日,［住所］栄町2-7-6
177,35.751586,139.329512,福生武蔵野台給水所,浄水場・給水所,2540,東京都福生市武蔵野台2-32,https://www.waterworks.metro.tokyo.lg.jp/files/items/18931/Image/177.jpg,平成27年7月9日,［住所］武蔵野台2-32
178,35.723895,139.330834,市立明神下公園,震災対策用応急給水槽（1500立方メートル槽）,1500,東京都福生市南田園1-12-1,https://www.waterworks.metro.tokyo.lg.jp/files/items/18931/Image/178.jpg,平成27年7月9日,［住所］南田園1-12-1
179,35.6429908,139.571116,和泉本町給水所,浄水場・給水所,2260,東京都狛江市和泉本町4-6-1,https://www.waterworks.metro.tokyo.lg.jp/files/items/18931/Image/179.jpg,平成29年8月8日,和泉本町給水所は、令和5年4月まで工事のため応急給水ができない状況になります。その間は、近隣の給水拠点で応急給水を実施しますので、ご不便をお掛けしますがご理解とご協力をお願いします。［住所］和泉本町4-6-1
180,35.7466078,139.413939,上北台給水所,浄水場・給水所,5330,東京都東大和市上北台1-801-1,https://www.waterworks.metro.tokyo.lg.jp/files/items/18931/Image/180.jpg,平成27年7月9日,［住所］上北台1-801-1
181,35.7312269,139.428196,東大和給水所,浄水場・給水所,26660,東京都東大和市桜が丘3-44,https://www.waterworks.metro.tokyo.lg.jp/files/items/18931/Image/181.jpg,平成27年7月9日,［住所］桜が丘3-44
182,35.777687,139.517376,清瀬元町配水所,浄水場・給水所,600,東京都清瀬市元町2-27-12,https://www.waterworks.metro.tokyo.lg.jp/files/items/18931/Image/182.jpg,平成27年7月9日,［住所］元町2-27-12
183,35.7979192,139.5391642,市立第３保育園,小規模応急給水槽（100立方メートル槽）,100,東京都清瀬市旭が丘3-755-1,https://www.waterworks.metro.tokyo.lg.jp/files/items/18931/Image/183.jpg,平成27年7月9日,［住所］旭が丘3-755-1
184,35.770799,139.5079632,清瀬梅園給水所,浄水場・給水所,10000,東京都清瀬市梅園1-3,https://www.waterworks.metro.tokyo.lg.jp/files/items/18931/Image/184.jpg,令和4年7月27日,［住所］梅園1-3
185,35.751937,139.525834,南沢給水所,浄水場・給水所,3330,東京都東久留米市南沢3-9-21,https://www.waterworks.metro.tokyo.lg.jp/files/items/18931/Image/185.jpg,平成27年7月9日,［住所］南沢3-9-21
186,35.7473841,139.507342,滝山給水所,浄水場・給水所,1960,東京都東久留米市滝山6-1-1,https://www.waterworks.metro.tokyo.lg.jp/files/items/18931/Image/186.jpg,平成27年7月9日,［住所］滝山6-1-1
187,35.7499647,139.390535,学園配水所,浄水場・給水所,1460,東京都武蔵村山市学園1-5-7,https://www.waterworks.metro.tokyo.lg.jp/files/items/18931/Image/187.jpg,平成27年7月9日,［住所］学園1-5-7
188,35.7588747,139.393662,中藤配水所,浄水場・給水所,950,東京都武蔵村山市中藤2-1-3,https://www.waterworks.metro.tokyo.lg.jp/files/items/18931/Image/188.jpg,平成27年7月9日,［住所］中藤2-1-3
189,35.7568554,139.363293,市立中原公園,震災対策用応急給水槽（1500立方メートル槽）,1500,東京都武蔵村山市中原2-21-4,https://www.waterworks.metro.tokyo.lg.jp/files/items/18931/Image/189.jpg,平成27年7月9日,［住所］中原2-21-4
190,35.6437424,139.444107,桜ヶ丘配水所,浄水場・給水所,1500,東京都多摩桜ヶ丘4-10,https://www.waterworks.metro.tokyo.lg.jp/files/items/18931/Image/190.jpg,平成27年7月9日,［住所］桜ケ丘4-10
191,35.62455,139.413627,落合配水所,浄水場・給水所,100,東京都多摩市中沢1-12,https://www.waterworks.metro.tokyo.lg.jp/files/items/18931/Image/191.jpg,平成27年7月9日,［住所］中沢1-12
192,35.634838,139.439535,愛宕配水所,浄水場・給水所,1140,東京都多摩市愛宕2-51,https://www.waterworks.metro.tokyo.lg.jp/files/items/18931/Image/192.jpg,平成27年7月9日,［住所］愛宕2-51
193,35.608639,139.431015,南野給水所,浄水場・給水所,3360,東京都多摩市南野2-16,https://www.waterworks.metro.tokyo.lg.jp/files/items/18931/Image/193.jpg,平成27年7月9日,［住所］南野2-16
194,35.63037,139.46307,聖ヶ丘給水所,浄水場・給水所,14000,東京都多摩市聖ヶ丘4-1,https://www.waterworks.metro.tokyo.lg.jp/files/items/18931/Image/194.jpg,平成27年7月9日,［住所］聖ヶ丘4-1
195,35.645741,139.433745,市立並木公園,震災対策用応急給水槽（1500立方メートル槽）,1500,東京都多摩市和田1551-1,https://www.waterworks.metro.tokyo.lg.jp/files/items/18931/Image/195.jpg,平成27年7月9日,［住所］和田1551-1
196,35.615837,139.487899,坂浜配水所,浄水場・給水所,1510,東京都稲城市坂浜816,https://www.waterworks.metro.tokyo.lg.jp/files/items/18931/Image/196.jpg,平成27年7月9日,［住所］坂浜816
197,35.6437222,139.493028,向陽台給水所,浄水場・給水所,2000,東京都稲城市向陽台6-16,https://www.waterworks.metro.tokyo.lg.jp/files/items/18931/Image/197.jpg,平成27年7月9日,［住所］向陽台6-16
198,35.623984,139.473903,若葉台給水所,浄水場・給水所,2160,東京都稲城市若葉台1-19,https://www.waterworks.metro.tokyo.lg.jp/files/items/18931/Image/198.jpg,平成28年5月26日,［住所］若葉台1-19
199,35.7321865,139.284454,秋留台給水所,浄水場・給水所,2000,東京都あきる野市秋川3-2-10,https://www.waterworks.metro.tokyo.lg.jp/files/items/18931/Image/199.jpg,平成27年7月9日,［住所］秋川3-2-10
200,35.745663,139.287219,菅生給水所,浄水場・給水所,2000,東京都あきる野市菅生683,https://www.waterworks.metro.tokyo.lg.jp/files/items/18931/Image/200.jpg,平成27年7月9日,［住所］菅生683
201,35.71888,139.279151,上代継浄水所,浄水場・給水所,200,東京都あきる野市上代継407,https://www.waterworks.metro.tokyo.lg.jp/files/items/18931/Image/201.jpg,平成27年7月9日,［住所］上代継407
202,35.726467,139.20192,戸倉給水所,浄水場・給水所,1660,東京都あきる野市戸倉348-1,https://www.waterworks.metro.tokyo.lg.jp/files/items/18931/Image/202.jpg,平成27年7月9日,［住所］戸倉348-1
203,35.719041,139.233864,小峰台配水所,浄水場・給水所,160,東京都あきる野市小峰台40,https://www.waterworks.metro.tokyo.lg.jp/files/items/18931/Image/203.jpg,平成27年7月9日,［住所］小峰台40
204,35.7348684,139.252211,伊奈配水所,浄水場・給水所,130,東京都あきる野市伊奈372-3,https://www.waterworks.metro.tokyo.lg.jp/files/items/18931/Image/204.jpg,平成28年4月19日,［住所］伊奈372-3
205,35.776763,139.363858,石畑給水所,浄水場・給水所,10000,東京都瑞穂町石畑2301,https://www.waterworks.metro.tokyo.lg.jp/files/items/18931/Image/205.jpg,平成27年7月9日,［住所］石畑2301
206,35.74752,139.25519,文化の森給水所,浄水場・給水所,2000,東京都日の出町平井3075,https://www.waterworks.metro.tokyo.lg.jp/files/items/18931/Image/206.jpg,平成27年7月9日,［住所］平井3075
207,35.7152429,139.566641,第一浄水場,浄水場・給水所,0,東京都武蔵野市吉祥寺北町4-11-46,https://www.waterworks.metro.tokyo.lg.jp/files/items/18931/Image/207.jpg,平成29年4月1日,運搬給水拠点（給水車等の車両への水の補給施設）。拠点給水は、私立小中学校及び広域避難場所で行います。［住所］吉祥寺北町4-11-46
208,35.709673,139.53636,第二浄水場,浄水場・給水所,0,東京都武蔵野市桜堤1-6-6,https://www.waterworks.metro.tokyo.lg.jp/files/items/18931/Image/208.jpg,平成29年4月1日,運搬給水拠点（給水車等の車両への水の補給施設）。拠点給水は、私立小中学校及び広域避難場所で行います。［住所］桜堤1-6-6
209,35.712165,139.347832,西部配水場,浄水場・給水所,2780,東京都昭島市緑町2-17-16,https://www.waterworks.metro.tokyo.lg.jp/files/items/18931/Image/209.jpg,平成27年7月9日,［住所］緑町2-17-16
210,35.708692,139.369836,東部配水場,浄水場・給水所,2160,東京都昭島市朝日町4-23,https://www.waterworks.metro.tokyo.lg.jp/files/items/18931/Image/210.jpg,平成27年7月9日,［住所］朝日町4-23
211,35.7647394,139.319607,第一配水場,浄水場・給水所,2060,東京都羽村市緑ケ丘2-18-5,https://www.waterworks.metro.tokyo.lg.jp/files/items/18931/Image/211.jpg,平成27年7月9日,［住所］緑ケ丘2-18-5
212,35.7761234,139.295803,小作浄水場,浄水場・給水所,14260,東京都羽村市小作台4-2-1,https://www.waterworks.metro.tokyo.lg.jp/files/items/18931/Image/212.jpg,平成27年7月9日,［住所］小作台4-2-1
